﻿<?xml version="1.0" encoding="utf-8"?>
<Package xmlns="http://schemas.microsoft.com/appx/2010/manifest"
         xmlns:mx="http://schemas.microsoft.com/appx/2013/xbox/manifest"
         IgnorableNamespaces="mx">

  <Identity Name="Sample.DLC.DurablePackage2"
            Publisher="CN=Microsoft Corporation, O=Microsoft Corporation, L=Redmond, S=Washington, C=US"
            Version="1.0.0.0" />

  <Properties>
    <DisplayName>ATG Sample DLC Package 2</DisplayName>
    <PublisherDisplayName>Microsoft Corporation</PublisherDisplayName>
    <Logo>PackageImages\ATGStoreLogo.png</Logo>
    <Description>ATG Marketplace Sample Durable DLC 2</Description>
    <mx:ContentPackage>true</mx:ContentPackage>
  </Properties>

  <Prerequisites>
    <OSMinVersion>6.2</OSMinVersion>
    <OSMaxVersionTested>6.2</OSMaxVersionTested>
    <mx:ApplicationEnvironment>title</mx:ApplicationEnvironment>
    <mx:OSName>era</mx:OSName>
  </Prerequisites>

  <Resources>
    <Resource Language="en-US" />
  </Resources>

  <Extensions>
    <mx:PackageExtension Category="xbox.contentpackage">
      <mx:ContentPackage>
        <mx:AllowedProduct Id="eabe6ccb-48f2-4cd2-832c-1d9753bd707b" />
        <mx:ContentPackageVisualElements
            DisplayName="ATG Sample DLC Package 2"
            Logo="PackageImages\ATGLiveLogo.png"
            SmallLogo="PackageImages\ATGSmallLogo.png"
            WideLogo="PackageImages\ATGSplashScreen.png"
            Description="ATG Marketplace Sample Durable DLC 2"
            ForegroundText="dark"
            BackgroundColor="#000040" />
      </mx:ContentPackage>
    </mx:PackageExtension>
  </Extensions>

</Package>
